BEGIN TRANSACTION;
CREATE TABLE "GH_Product_Category__c" (
	id VARCHAR(255) NOT NULL, 
	"Name" VARCHAR(255), 
	PRIMARY KEY (id)
);
INSERT INTO "GH_Product_Category__c" VALUES('GH_Product_Category__c-1','Skin Care');
INSERT INTO "GH_Product_Category__c" VALUES('GH_Product_Category__c-2','Hair Care');
INSERT INTO "GH_Product_Category__c" VALUES('GH_Product_Category__c-3','Makeup');
INSERT INTO "GH_Product_Category__c" VALUES('GH_Product_Category__c-4','Body Care');
INSERT INTO "GH_Product_Category__c" VALUES('GH_Product_Category__c-5','Fragrance');
INSERT INTO "GH_Product_Category__c" VALUES('GH_Product_Category__c-6','Sun Care');
INSERT INTO "GH_Product_Category__c" VALUES('GH_Product_Category__c-7','Men''s Care');
CREATE TABLE "GH_Product_Line__c" (
	id VARCHAR(255) NOT NULL, 
	"Name" VARCHAR(255), 
	"GH_Product_Type__c" VARCHAR(255), 
	PRIMARY KEY (id)
);
INSERT INTO "GH_Product_Line__c" VALUES('GH_Product_Line__c-1','AloeVera Hydrate Moisturizer','GH_Product_Type__c-1');
INSERT INTO "GH_Product_Line__c" VALUES('GH_Product_Line__c-2','Chamomile Night Cream','GH_Product_Type__c-1');
INSERT INTO "GH_Product_Line__c" VALUES('GH_Product_Line__c-3','Rosehip Day Cream','GH_Product_Type__c-1');
INSERT INTO "GH_Product_Line__c" VALUES('GH_Product_Line__c-4','Lavender Foam Cleanser','GH_Product_Type__c-2');
INSERT INTO "GH_Product_Line__c" VALUES('GH_Product_Line__c-5','GreenTea Micellar Water','GH_Product_Type__c-2');
INSERT INTO "GH_Product_Line__c" VALUES('GH_Product_Line__c-6','Jojoba Oil Cleanser','GH_Product_Type__c-2');
INSERT INTO "GH_Product_Line__c" VALUES('GH_Product_Line__c-7','CucumberGlow Toner','GH_Product_Type__c-3');
INSERT INTO "GH_Product_Line__c" VALUES('GH_Product_Line__c-8','RosePetal Toner','GH_Product_Type__c-3');
INSERT INTO "GH_Product_Line__c" VALUES('GH_Product_Line__c-9','WitchHazel Harmony Toner','GH_Product_Type__c-3');
INSERT INTO "GH_Product_Line__c" VALUES('GH_Product_Line__c-10','VitaminC Radiant Serum','GH_Product_Type__c-4');
INSERT INTO "GH_Product_Line__c" VALUES('GH_Product_Line__c-11','HyaluronicBoost Serum','GH_Product_Type__c-4');
INSERT INTO "GH_Product_Line__c" VALUES('GH_Product_Line__c-12','RetinolRenewal Serum','GH_Product_Type__c-4');
INSERT INTO "GH_Product_Line__c" VALUES('GH_Product_Line__c-13','GreenClay Mask','GH_Product_Type__c-5');
INSERT INTO "GH_Product_Line__c" VALUES('GH_Product_Line__c-14','WalnutScrub Exfoliant','GH_Product_Type__c-5');
INSERT INTO "GH_Product_Line__c" VALUES('GH_Product_Line__c-15','BambooSheet Mask','GH_Product_Type__c-5');
INSERT INTO "GH_Product_Line__c" VALUES('GH_Product_Line__c-16','SilkAloe Shampoo','GH_Product_Type__c-6');
INSERT INTO "GH_Product_Line__c" VALUES('GH_Product_Line__c-17','EcoBar Shampoo','GH_Product_Type__c-6');
INSERT INTO "GH_Product_Line__c" VALUES('GH_Product_Line__c-18','Hibiscus ColorCare Shampoo','GH_Product_Type__c-6');
INSERT INTO "GH_Product_Line__c" VALUES('GH_Product_Line__c-19','Avocado Leave-In Conditioner','GH_Product_Type__c-7');
INSERT INTO "GH_Product_Line__c" VALUES('GH_Product_Line__c-20','CoconutDeep Treatment','GH_Product_Type__c-7');
INSERT INTO "GH_Product_Line__c" VALUES('GH_Product_Line__c-21','EcoBar Conditioner','GH_Product_Type__c-7');
INSERT INTO "GH_Product_Line__c" VALUES('GH_Product_Line__c-22','ArganOil Growth Serum','GH_Product_Type__c-8');
INSERT INTO "GH_Product_Line__c" VALUES('GH_Product_Line__c-23','FrizzFree Serum','GH_Product_Type__c-8');
INSERT INTO "GH_Product_Line__c" VALUES('GH_Product_Line__c-24','HeatGuard Spray','GH_Product_Type__c-8');
INSERT INTO "GH_Product_Line__c" VALUES('GH_Product_Line__c-25','AloeVera Styling Gel','GH_Product_Type__c-9');
INSERT INTO "GH_Product_Line__c" VALUES('GH_Product_Line__c-26','EcoHold Hair Spray','GH_Product_Type__c-9');
INSERT INTO "GH_Product_Line__c" VALUES('GH_Product_Line__c-27','SheaButter Pomade','GH_Product_Type__c-9');
INSERT INTO "GH_Product_Line__c" VALUES('GH_Product_Line__c-28','ChamomileBlend Foundation','GH_Product_Type__c-10');
INSERT INTO "GH_Product_Line__c" VALUES('GH_Product_Line__c-29','GlowCare BB Cream','GH_Product_Type__c-10');
INSERT INTO "GH_Product_Line__c" VALUES('GH_Product_Line__c-30','ClearSkin Concealer','GH_Product_Type__c-10');
INSERT INTO "GH_Product_Line__c" VALUES('GH_Product_Line__c-31','Jasmine Eyeshadow','GH_Product_Type__c-11');
INSERT INTO "GH_Product_Line__c" VALUES('GH_Product_Line__c-32','LashNature Mascara','GH_Product_Type__c-11');
INSERT INTO "GH_Product_Line__c" VALUES('GH_Product_Line__c-33','GreenLine Eyeliner','GH_Product_Type__c-11');
INSERT INTO "GH_Product_Line__c" VALUES('GH_Product_Line__c-34','EcoLuxe Lipstick','GH_Product_Type__c-12');
INSERT INTO "GH_Product_Line__c" VALUES('GH_Product_Line__c-35','NourishBalm','GH_Product_Type__c-12');
INSERT INTO "GH_Product_Line__c" VALUES('GH_Product_Line__c-36','SheaShine Gloss','GH_Product_Type__c-12');
INSERT INTO "GH_Product_Line__c" VALUES('GH_Product_Line__c-37','MineralBlush','GH_Product_Type__c-13');
INSERT INTO "GH_Product_Line__c" VALUES('GH_Product_Line__c-38','SunKiss Bronzer','GH_Product_Type__c-13');
INSERT INTO "GH_Product_Line__c" VALUES('GH_Product_Line__c-39','GlowNature Highlighter','GH_Product_Type__c-13');
INSERT INTO "GH_Product_Line__c" VALUES('GH_Product_Line__c-40','SilkySmooth Lotion','GH_Product_Type__c-14');
INSERT INTO "GH_Product_Line__c" VALUES('GH_Product_Line__c-41','ButterRich Cream','GH_Product_Type__c-14');
INSERT INTO "GH_Product_Line__c" VALUES('GH_Product_Line__c-42','AloePure Gel','GH_Product_Type__c-14');
INSERT INTO "GH_Product_Line__c" VALUES('GH_Product_Line__c-43','LavenderCrafted Soap','GH_Product_Type__c-15');
INSERT INTO "GH_Product_Line__c" VALUES('GH_Product_Line__c-44','CastilePure Soap','GH_Product_Type__c-15');
INSERT INTO "GH_Product_Line__c" VALUES('GH_Product_Line__c-45','ExfoSoap Bar','GH_Product_Type__c-15');
INSERT INTO "GH_Product_Line__c" VALUES('GH_Product_Line__c-46','LavenderBliss Bath Bomb','GH_Product_Type__c-16');
INSERT INTO "GH_Product_Line__c" VALUES('GH_Product_Line__c-47','EucalyptusRelax Salt Soak','GH_Product_Type__c-16');
INSERT INTO "GH_Product_Line__c" VALUES('GH_Product_Line__c-48','ChamomileBubble Bath','GH_Product_Type__c-16');
INSERT INTO "GH_Product_Line__c" VALUES('GH_Product_Line__c-49','PurePits Deodorant','GH_Product_Type__c-17');
INSERT INTO "GH_Product_Line__c" VALUES('GH_Product_Line__c-50','RollFresh Deodorant','GH_Product_Type__c-17');
INSERT INTO "GH_Product_Line__c" VALUES('GH_Product_Line__c-51','CreamFresh Deodorant','GH_Product_Type__c-17');
INSERT INTO "GH_Product_Line__c" VALUES('GH_Product_Line__c-52','SolidLavender Perfume','GH_Product_Type__c-18');
INSERT INTO "GH_Product_Line__c" VALUES('GH_Product_Line__c-53','NatureMist Spray','GH_Product_Type__c-18');
INSERT INTO "GH_Product_Line__c" VALUES('GH_Product_Line__c-54','RollJasmine Perfume','GH_Product_Type__c-18');
INSERT INTO "GH_Product_Line__c" VALUES('GH_Product_Line__c-55','FloralBreeze Mist','GH_Product_Type__c-19');
INSERT INTO "GH_Product_Line__c" VALUES('GH_Product_Line__c-56','CitrusBurst Spray','GH_Product_Type__c-19');
INSERT INTO "GH_Product_Line__c" VALUES('GH_Product_Line__c-57','HerbalFresh Spray','GH_Product_Type__c-19');
INSERT INTO "GH_Product_Line__c" VALUES('GH_Product_Line__c-58','MineralShield Sunscreen','GH_Product_Type__c-20');
INSERT INTO "GH_Product_Line__c" VALUES('GH_Product_Line__c-59','SunGuard Lotion','GH_Product_Type__c-20');
INSERT INTO "GH_Product_Line__c" VALUES('GH_Product_Line__c-60','TintSafe Sunscreen','GH_Product_Type__c-20');
INSERT INTO "GH_Product_Line__c" VALUES('GH_Product_Line__c-61','SoothingAloe Gel','GH_Product_Type__c-21');
INSERT INTO "GH_Product_Line__c" VALUES('GH_Product_Line__c-62','CoolRelief Spray','GH_Product_Type__c-21');
INSERT INTO "GH_Product_Line__c" VALUES('GH_Product_Line__c-63','HydraSun Lotion','GH_Product_Type__c-21');
INSERT INTO "GH_Product_Line__c" VALUES('GH_Product_Line__c-64','SmoothShave Cream','GH_Product_Type__c-22');
INSERT INTO "GH_Product_Line__c" VALUES('GH_Product_Line__c-65','FreshPost Aftershave','GH_Product_Type__c-22');
INSERT INTO "GH_Product_Line__c" VALUES('GH_Product_Line__c-66','GlideShave Oil','GH_Product_Type__c-22');
INSERT INTO "GH_Product_Line__c" VALUES('GH_Product_Line__c-67','BeardNature Oil','GH_Product_Type__c-23');
INSERT INTO "GH_Product_Line__c" VALUES('GH_Product_Line__c-68','SoftBeard Balm','GH_Product_Type__c-23');
INSERT INTO "GH_Product_Line__c" VALUES('GH_Product_Line__c-69','BeardClean Shampoo','GH_Product_Type__c-23');
INSERT INTO "GH_Product_Line__c" VALUES('GH_Product_Line__c-70','HoldTight Pomade','GH_Product_Type__c-24');
INSERT INTO "GH_Product_Line__c" VALUES('GH_Product_Line__c-71','FlexStyle Gel','GH_Product_Type__c-24');
CREATE TABLE "GH_Product_Type__c" (
	id VARCHAR(255) NOT NULL, 
	"Name" VARCHAR(255), 
	"Type_Code__c" VARCHAR(255), 
	"Product_Category__c" VARCHAR(255), 
	PRIMARY KEY (id)
);
INSERT INTO "GH_Product_Type__c" VALUES('GH_Product_Type__c-1','Organic Moisturizers','MOIS','GH_Product_Category__c-1');
INSERT INTO "GH_Product_Type__c" VALUES('GH_Product_Type__c-2','Natural Cleansers','CLEN','GH_Product_Category__c-1');
INSERT INTO "GH_Product_Type__c" VALUES('GH_Product_Type__c-3','Eco-Friendly Toners','TONR','GH_Product_Category__c-1');
INSERT INTO "GH_Product_Type__c" VALUES('GH_Product_Type__c-4','Sustainable Serums','SRUM','GH_Product_Category__c-1');
INSERT INTO "GH_Product_Type__c" VALUES('GH_Product_Type__c-5','Organic Masks and Exfoliants','OMAE','GH_Product_Category__c-1');
INSERT INTO "GH_Product_Type__c" VALUES('GH_Product_Type__c-6','Natural Shampoos','SHAM','GH_Product_Category__c-2');
INSERT INTO "GH_Product_Type__c" VALUES('GH_Product_Type__c-7','Eco-Friendly Conditioners','COND','GH_Product_Category__c-2');
INSERT INTO "GH_Product_Type__c" VALUES('GH_Product_Type__c-8','Hair Treatments and Serums','HTAS','GH_Product_Category__c-2');
INSERT INTO "GH_Product_Type__c" VALUES('GH_Product_Type__c-9','Styling Products','STYL','GH_Product_Category__c-2');
INSERT INTO "GH_Product_Type__c" VALUES('GH_Product_Type__c-10','Face Makeup','FMKU','GH_Product_Category__c-3');
INSERT INTO "GH_Product_Type__c" VALUES('GH_Product_Type__c-11','Eye Makeup','EMKU','GH_Product_Category__c-3');
INSERT INTO "GH_Product_Type__c" VALUES('GH_Product_Type__c-12','Lip Products','LIPP','GH_Product_Category__c-3');
INSERT INTO "GH_Product_Type__c" VALUES('GH_Product_Type__c-13','Cheek Products','CHKP','GH_Product_Category__c-3');
INSERT INTO "GH_Product_Type__c" VALUES('GH_Product_Type__c-14','Body Lotions and Butters','BBAL','GH_Product_Category__c-4');
INSERT INTO "GH_Product_Type__c" VALUES('GH_Product_Type__c-15','Natural Soaps','SOAP','GH_Product_Category__c-4');
INSERT INTO "GH_Product_Type__c" VALUES('GH_Product_Type__c-16','Bath Products','BATH','GH_Product_Category__c-4');
INSERT INTO "GH_Product_Type__c" VALUES('GH_Product_Type__c-17','Deodorants','DEOD','GH_Product_Category__c-4');
INSERT INTO "GH_Product_Type__c" VALUES('GH_Product_Type__c-18','Natural Perfumes','PFUM','GH_Product_Category__c-5');
INSERT INTO "GH_Product_Type__c" VALUES('GH_Product_Type__c-19','Body Mists','MIST','GH_Product_Category__c-5');
INSERT INTO "GH_Product_Type__c" VALUES('GH_Product_Type__c-20','Natural Sunscreens','SNSC','GH_Product_Category__c-6');
INSERT INTO "GH_Product_Type__c" VALUES('GH_Product_Type__c-21','After-Sun Care','ASUN','GH_Product_Category__c-6');
INSERT INTO "GH_Product_Type__c" VALUES('GH_Product_Type__c-22','Shaving Products','SHAV','GH_Product_Category__c-7');
INSERT INTO "GH_Product_Type__c" VALUES('GH_Product_Type__c-23','Beard Care','BRDC','GH_Product_Category__c-7');
INSERT INTO "GH_Product_Type__c" VALUES('GH_Product_Type__c-24','Hair Styling for Men','HSFM','GH_Product_Category__c-7');
CREATE TABLE "GH_Product__c" (
	id VARCHAR(255) NOT NULL, 
	"Name" VARCHAR(255), 
	"Product_Size__c" VARCHAR(255), 
	"Product_Line__c" VARCHAR(255), 
	PRIMARY KEY (id)
);
INSERT INTO "GH_Product__c" VALUES('GH_Product__c-1','AloeVera Hydrate Moisturizer 50 ml','50 ml','GH_Product_Line__c-1');
INSERT INTO "GH_Product__c" VALUES('GH_Product__c-2','AloeVera Hydrate Moisturizer 100 ml','100 ml','GH_Product_Line__c-1');
INSERT INTO "GH_Product__c" VALUES('GH_Product__c-3','Chamomile Night Cream 30 ml','30 ml','GH_Product_Line__c-2');
INSERT INTO "GH_Product__c" VALUES('GH_Product__c-4','Chamomile Night Cream 50 ml','50 ml','GH_Product_Line__c-2');
INSERT INTO "GH_Product__c" VALUES('GH_Product__c-5','Chamomile Night Cream 100 ml','100 ml','GH_Product_Line__c-2');
INSERT INTO "GH_Product__c" VALUES('GH_Product__c-6','Rosehip Day Cream 30 ml','30 ml','GH_Product_Line__c-3');
INSERT INTO "GH_Product__c" VALUES('GH_Product__c-7','Rosehip Day Cream 50 ml','50 ml','GH_Product_Line__c-3');
INSERT INTO "GH_Product__c" VALUES('GH_Product__c-8','Lavender Foam Cleanser 100 ml','100 ml','GH_Product_Line__c-4');
INSERT INTO "GH_Product__c" VALUES('GH_Product__c-9','Lavender Foam Cleanser 150 ml','150 ml','GH_Product_Line__c-4');
INSERT INTO "GH_Product__c" VALUES('GH_Product__c-10','Lavender Foam Cleanser 200 ml','200 ml','GH_Product_Line__c-4');
INSERT INTO "GH_Product__c" VALUES('GH_Product__c-11','GreenTea Micellar Water 100 ml','100 ml','GH_Product_Line__c-5');
INSERT INTO "GH_Product__c" VALUES('GH_Product__c-12','GreenTea Micellar Water 200 ml','200 ml','GH_Product_Line__c-5');
INSERT INTO "GH_Product__c" VALUES('GH_Product__c-13','GreenTea Micellar Water 400 ml','400 ml','GH_Product_Line__c-5');
INSERT INTO "GH_Product__c" VALUES('GH_Product__c-14','Jojoba Oil Cleanser 50 ml','50 ml','GH_Product_Line__c-6');
INSERT INTO "GH_Product__c" VALUES('GH_Product__c-15','Jojoba Oil Cleanser 100 ml','100 ml','GH_Product_Line__c-6');
INSERT INTO "GH_Product__c" VALUES('GH_Product__c-16','Jojoba Oil Cleanser 150 ml','150 ml','GH_Product_Line__c-6');
INSERT INTO "GH_Product__c" VALUES('GH_Product__c-17','CucumberGlow Toner 100 ml','100 ml','GH_Product_Line__c-7');
INSERT INTO "GH_Product__c" VALUES('GH_Product__c-18','CucumberGlow Toner 200 ml','200 ml','GH_Product_Line__c-7');
INSERT INTO "GH_Product__c" VALUES('GH_Product__c-19','RosePetal Toner 100 ml','100 ml','GH_Product_Line__c-8');
INSERT INTO "GH_Product__c" VALUES('GH_Product__c-20','RosePetal Toner 200 ml','200 ml','GH_Product_Line__c-8');
INSERT INTO "GH_Product__c" VALUES('GH_Product__c-21','WitchHazel Harmony Toner 100 ml','100 ml','GH_Product_Line__c-9');
INSERT INTO "GH_Product__c" VALUES('GH_Product__c-22','WitchHazel Harmony Toner 200 ml','200 ml','GH_Product_Line__c-9');
INSERT INTO "GH_Product__c" VALUES('GH_Product__c-23','VitaminC Radiant Serum 15 ml','15 ml','GH_Product_Line__c-10');
INSERT INTO "GH_Product__c" VALUES('GH_Product__c-24','VitaminC Radiant Serum 30 ml','30 ml','GH_Product_Line__c-10');
INSERT INTO "GH_Product__c" VALUES('GH_Product__c-25','HyaluronicBoost Serum 15 ml','15 ml','GH_Product_Line__c-11');
INSERT INTO "GH_Product__c" VALUES('GH_Product__c-26','HyaluronicBoost Serum 30 ml','30 ml','GH_Product_Line__c-11');
INSERT INTO "GH_Product__c" VALUES('GH_Product__c-27','RetinolRenewal Serum 15 ml','15 ml','GH_Product_Line__c-12');
INSERT INTO "GH_Product__c" VALUES('GH_Product__c-28','RetinolRenewal Serum 30 ml','30 ml','GH_Product_Line__c-12');
INSERT INTO "GH_Product__c" VALUES('GH_Product__c-29','GreenClay Mask 50 ml','50 ml','GH_Product_Line__c-13');
INSERT INTO "GH_Product__c" VALUES('GH_Product__c-30','GreenClay Mask 100 ml','100 ml','GH_Product_Line__c-13');
INSERT INTO "GH_Product__c" VALUES('GH_Product__c-31','WalnutScrub Exfoliant 100 ml','100 ml','GH_Product_Line__c-14');
INSERT INTO "GH_Product__c" VALUES('GH_Product__c-32','WalnutScrub Exfoliant 200 ml','200 ml','GH_Product_Line__c-14');
INSERT INTO "GH_Product__c" VALUES('GH_Product__c-33','BambooSheet Mask single-use packs','single-use packs','GH_Product_Line__c-15');
INSERT INTO "GH_Product__c" VALUES('GH_Product__c-34','SilkAloe Shampoo 250 ml','250 ml','GH_Product_Line__c-16');
INSERT INTO "GH_Product__c" VALUES('GH_Product__c-35','SilkAloe Shampoo 500 ml','500 ml','GH_Product_Line__c-16');
INSERT INTO "GH_Product__c" VALUES('GH_Product__c-36','EcoBar Shampoo 50 g','50 g','GH_Product_Line__c-17');
INSERT INTO "GH_Product__c" VALUES('GH_Product__c-37','EcoBar Shampoo 100 g','100 g','GH_Product_Line__c-17');
INSERT INTO "GH_Product__c" VALUES('GH_Product__c-38','Hibiscus ColorCare Shampoo 250 ml','250 ml','GH_Product_Line__c-18');
INSERT INTO "GH_Product__c" VALUES('GH_Product__c-39','Hibiscus ColorCare Shampoo 500 ml','500 ml','GH_Product_Line__c-18');
INSERT INTO "GH_Product__c" VALUES('GH_Product__c-40','Avocado Leave-In Conditioner 150 ml','150 ml','GH_Product_Line__c-19');
INSERT INTO "GH_Product__c" VALUES('GH_Product__c-41','Avocado Leave-In Conditioner 250 ml','250 ml','GH_Product_Line__c-19');
INSERT INTO "GH_Product__c" VALUES('GH_Product__c-42','CoconutDeep Treatment 150 ml','150 ml','GH_Product_Line__c-20');
INSERT INTO "GH_Product__c" VALUES('GH_Product__c-43','CoconutDeep Treatment 300 ml','300 ml','GH_Product_Line__c-20');
INSERT INTO "GH_Product__c" VALUES('GH_Product__c-44','EcoBar Conditioner 50 g','50 g','GH_Product_Line__c-21');
INSERT INTO "GH_Product__c" VALUES('GH_Product__c-45','EcoBar Conditioner 100 g','100 g','GH_Product_Line__c-21');
INSERT INTO "GH_Product__c" VALUES('GH_Product__c-46','ArganOil Growth Serum 30 ml','30 ml','GH_Product_Line__c-22');
INSERT INTO "GH_Product__c" VALUES('GH_Product__c-47','ArganOil Growth Serum 50 ml','50 ml','GH_Product_Line__c-22');
INSERT INTO "GH_Product__c" VALUES('GH_Product__c-48','FrizzFree Serum 30 ml','30 ml','GH_Product_Line__c-23');
INSERT INTO "GH_Product__c" VALUES('GH_Product__c-49','FrizzFree Serum 50 ml','50 ml','GH_Product_Line__c-23');
INSERT INTO "GH_Product__c" VALUES('GH_Product__c-50','HeatGuard Spray 100 ml','100 ml','GH_Product_Line__c-24');
INSERT INTO "GH_Product__c" VALUES('GH_Product__c-51','HeatGuard Spray 200 ml','200 ml','GH_Product_Line__c-24');
INSERT INTO "GH_Product__c" VALUES('GH_Product__c-52','AloeVera Styling Gel 100 ml','100 ml','GH_Product_Line__c-25');
INSERT INTO "GH_Product__c" VALUES('GH_Product__c-53','AloeVera Styling Gel 200 ml','200 ml','GH_Product_Line__c-25');
INSERT INTO "GH_Product__c" VALUES('GH_Product__c-54','EcoHold Hair Spray 100 ml','100 ml','GH_Product_Line__c-26');
INSERT INTO "GH_Product__c" VALUES('GH_Product__c-55','EcoHold Hair Spray 200 ml','200 ml','GH_Product_Line__c-26');
INSERT INTO "GH_Product__c" VALUES('GH_Product__c-56','SheaButter Pomade 50 g','50 g','GH_Product_Line__c-27');
INSERT INTO "GH_Product__c" VALUES('GH_Product__c-57','SheaButter Pomade 100 g','100 g','GH_Product_Line__c-27');
INSERT INTO "GH_Product__c" VALUES('GH_Product__c-58','ChamomileBlend Foundation 30 ml','30 ml','GH_Product_Line__c-28');
INSERT INTO "GH_Product__c" VALUES('GH_Product__c-59','ChamomileBlend Foundation 50 ml','50 ml','GH_Product_Line__c-28');
INSERT INTO "GH_Product__c" VALUES('GH_Product__c-60','GlowCare BB Cream 30 ml','30 ml','GH_Product_Line__c-29');
INSERT INTO "GH_Product__c" VALUES('GH_Product__c-61','GlowCare BB Cream 50 ml','50 ml','GH_Product_Line__c-29');
INSERT INTO "GH_Product__c" VALUES('GH_Product__c-62','ClearSkin Concealer 5 ml','5 ml','GH_Product_Line__c-30');
INSERT INTO "GH_Product__c" VALUES('GH_Product__c-63','ClearSkin Concealer 10 ml','10 ml','GH_Product_Line__c-30');
INSERT INTO "GH_Product__c" VALUES('GH_Product__c-64','Jasmine Eyeshadow 1 g per pan','1 g per pan','GH_Product_Line__c-31');
INSERT INTO "GH_Product__c" VALUES('GH_Product__c-65','Jasmine Eyeshadow 3 g per pan','3 g per pan','GH_Product_Line__c-31');
INSERT INTO "GH_Product__c" VALUES('GH_Product__c-66','LashNature Mascara 7 ml','7 ml','GH_Product_Line__c-32');
INSERT INTO "GH_Product__c" VALUES('GH_Product__c-67','LashNature Mascara 10 ml','10 ml','GH_Product_Line__c-32');
INSERT INTO "GH_Product__c" VALUES('GH_Product__c-68','GreenLine Eyeliner 1.2 g','1.2 g','GH_Product_Line__c-33');
INSERT INTO "GH_Product__c" VALUES('GH_Product__c-69','GreenLine Eyeliner 3 g','3 g','GH_Product_Line__c-33');
INSERT INTO "GH_Product__c" VALUES('GH_Product__c-70','EcoLuxe Lipstick 3 g','3 g','GH_Product_Line__c-34');
INSERT INTO "GH_Product__c" VALUES('GH_Product__c-71','EcoLuxe Lipstick 5 g','5 g','GH_Product_Line__c-34');
INSERT INTO "GH_Product__c" VALUES('GH_Product__c-72','NourishBalm 5 g','5 g','GH_Product_Line__c-35');
INSERT INTO "GH_Product__c" VALUES('GH_Product__c-73','NourishBalm 10 g','10 g','GH_Product_Line__c-35');
INSERT INTO "GH_Product__c" VALUES('GH_Product__c-74','SheaShine Gloss 5 ml','5 ml','GH_Product_Line__c-36');
INSERT INTO "GH_Product__c" VALUES('GH_Product__c-75','SheaShine Gloss 10 ml','10 ml','GH_Product_Line__c-36');
INSERT INTO "GH_Product__c" VALUES('GH_Product__c-76','MineralBlush 3 g','3 g','GH_Product_Line__c-37');
INSERT INTO "GH_Product__c" VALUES('GH_Product__c-77','MineralBlush 5 g','5 g','GH_Product_Line__c-37');
INSERT INTO "GH_Product__c" VALUES('GH_Product__c-78','SunKiss Bronzer 5 g','5 g','GH_Product_Line__c-38');
INSERT INTO "GH_Product__c" VALUES('GH_Product__c-79','SunKiss Bronzer 10 g','10 g','GH_Product_Line__c-38');
INSERT INTO "GH_Product__c" VALUES('GH_Product__c-80','GlowNature Highlighter 3 g','3 g','GH_Product_Line__c-39');
INSERT INTO "GH_Product__c" VALUES('GH_Product__c-81','GlowNature Highlighter 5 g','5 g','GH_Product_Line__c-39');
INSERT INTO "GH_Product__c" VALUES('GH_Product__c-82','SilkySmooth Lotion 200 ml','200 ml','GH_Product_Line__c-40');
INSERT INTO "GH_Product__c" VALUES('GH_Product__c-83','SilkySmooth Lotion 400 ml','400 ml','GH_Product_Line__c-40');
INSERT INTO "GH_Product__c" VALUES('GH_Product__c-84','ButterRich Cream 100 ml','100 ml','GH_Product_Line__c-41');
INSERT INTO "GH_Product__c" VALUES('GH_Product__c-85','ButterRich Cream 200 ml','200 ml','GH_Product_Line__c-41');
INSERT INTO "GH_Product__c" VALUES('GH_Product__c-86','AloePure Gel 100 ml','100 ml','GH_Product_Line__c-42');
INSERT INTO "GH_Product__c" VALUES('GH_Product__c-87','AloePure Gel 200 ml','200 ml','GH_Product_Line__c-42');
INSERT INTO "GH_Product__c" VALUES('GH_Product__c-88','LavenderCrafted Soap 100 g','100 g','GH_Product_Line__c-43');
INSERT INTO "GH_Product__c" VALUES('GH_Product__c-89','LavenderCrafted Soap 150 g','150 g','GH_Product_Line__c-43');
INSERT INTO "GH_Product__c" VALUES('GH_Product__c-90','CastilePure Soap 250 ml','250 ml','GH_Product_Line__c-44');
INSERT INTO "GH_Product__c" VALUES('GH_Product__c-91','CastilePure Soap 500 ml','500 ml','GH_Product_Line__c-44');
INSERT INTO "GH_Product__c" VALUES('GH_Product__c-92','ExfoSoap Bar 100 g','100 g','GH_Product_Line__c-45');
INSERT INTO "GH_Product__c" VALUES('GH_Product__c-93','ExfoSoap Bar 150 g','150 g','GH_Product_Line__c-45');
INSERT INTO "GH_Product__c" VALUES('GH_Product__c-94','LavenderBliss Bath Bomb 100 g','100 g','GH_Product_Line__c-46');
INSERT INTO "GH_Product__c" VALUES('GH_Product__c-95','LavenderBliss Bath Bomb 150 g','150 g','GH_Product_Line__c-46');
INSERT INTO "GH_Product__c" VALUES('GH_Product__c-96','EucalyptusRelax Salt Soak 250 g','250 g','GH_Product_Line__c-47');
INSERT INTO "GH_Product__c" VALUES('GH_Product__c-97','EucalyptusRelax Salt Soak 500 g','500 g','GH_Product_Line__c-47');
INSERT INTO "GH_Product__c" VALUES('GH_Product__c-98','ChamomileBubble Bath 250 ml','250 ml','GH_Product_Line__c-48');
INSERT INTO "GH_Product__c" VALUES('GH_Product__c-99','ChamomileBubble Bath 500 ml','500 ml','GH_Product_Line__c-48');
INSERT INTO "GH_Product__c" VALUES('GH_Product__c-100','AloeVera Hydrate Moisturizer 30 ml','30 ml','GH_Product_Line__c-1');
INSERT INTO "GH_Product__c" VALUES('GH_Product__c-101','PurePits Deodorant 50 g','50 g','GH_Product_Line__c-49');
INSERT INTO "GH_Product__c" VALUES('GH_Product__c-102','PurePits Deodorant 100 g','100 g','GH_Product_Line__c-49');
INSERT INTO "GH_Product__c" VALUES('GH_Product__c-103','RollFresh Deodorant 50 ml','50 ml','GH_Product_Line__c-50');
INSERT INTO "GH_Product__c" VALUES('GH_Product__c-104','RollFresh Deodorant 100 ml','100 ml','GH_Product_Line__c-50');
INSERT INTO "GH_Product__c" VALUES('GH_Product__c-105','CreamFresh Deodorant 30 g','30 g','GH_Product_Line__c-51');
INSERT INTO "GH_Product__c" VALUES('GH_Product__c-106','CreamFresh Deodorant 50 g','50 g','GH_Product_Line__c-51');
INSERT INTO "GH_Product__c" VALUES('GH_Product__c-107','SolidLavender Perfume 15 g','15 g','GH_Product_Line__c-52');
INSERT INTO "GH_Product__c" VALUES('GH_Product__c-108','SolidLavender Perfume 30 g','30 g','GH_Product_Line__c-52');
INSERT INTO "GH_Product__c" VALUES('GH_Product__c-109','NatureMist Spray 15 ml','15 ml','GH_Product_Line__c-53');
INSERT INTO "GH_Product__c" VALUES('GH_Product__c-110','NatureMist Spray 30 ml','30 ml','GH_Product_Line__c-53');
INSERT INTO "GH_Product__c" VALUES('GH_Product__c-111','RollJasmine Perfume 10 ml','10 ml','GH_Product_Line__c-54');
INSERT INTO "GH_Product__c" VALUES('GH_Product__c-112','RollJasmine Perfume 15 ml','15 ml','GH_Product_Line__c-54');
INSERT INTO "GH_Product__c" VALUES('GH_Product__c-113','FloralBreeze Mist 100 ml','100 ml','GH_Product_Line__c-55');
INSERT INTO "GH_Product__c" VALUES('GH_Product__c-114','FloralBreeze Mist 200 ml','200 ml','GH_Product_Line__c-55');
INSERT INTO "GH_Product__c" VALUES('GH_Product__c-115','CitrusBurst Spray 100 ml','100 ml','GH_Product_Line__c-56');
INSERT INTO "GH_Product__c" VALUES('GH_Product__c-116','CitrusBurst Spray 200 ml','200 ml','GH_Product_Line__c-56');
INSERT INTO "GH_Product__c" VALUES('GH_Product__c-117','HerbalFresh Spray 100 ml','100 ml','GH_Product_Line__c-57');
INSERT INTO "GH_Product__c" VALUES('GH_Product__c-118','HerbalFresh Spray 200 ml','200 ml','GH_Product_Line__c-57');
INSERT INTO "GH_Product__c" VALUES('GH_Product__c-119','MineralShield Sunscreen 50 ml','50 ml','GH_Product_Line__c-58');
INSERT INTO "GH_Product__c" VALUES('GH_Product__c-120','MineralShield Sunscreen 100 ml','100 ml','GH_Product_Line__c-58');
INSERT INTO "GH_Product__c" VALUES('GH_Product__c-121','SunGuard Lotion 50 ml','50 ml','GH_Product_Line__c-59');
INSERT INTO "GH_Product__c" VALUES('GH_Product__c-122','SunGuard Lotion 100 ml','100 ml','GH_Product_Line__c-59');
INSERT INTO "GH_Product__c" VALUES('GH_Product__c-123','TintSafe Sunscreen 50 ml','50 ml','GH_Product_Line__c-60');
INSERT INTO "GH_Product__c" VALUES('GH_Product__c-124','TintSafe Sunscreen 100 ml','100 ml','GH_Product_Line__c-60');
INSERT INTO "GH_Product__c" VALUES('GH_Product__c-125','SoothingAloe Gel 100 ml','100 ml','GH_Product_Line__c-61');
INSERT INTO "GH_Product__c" VALUES('GH_Product__c-126','SoothingAloe Gel 200 ml','200 ml','GH_Product_Line__c-61');
INSERT INTO "GH_Product__c" VALUES('GH_Product__c-127','CoolRelief Spray 100 ml','100 ml','GH_Product_Line__c-62');
INSERT INTO "GH_Product__c" VALUES('GH_Product__c-128','CoolRelief Spray 200 ml','200 ml','GH_Product_Line__c-62');
INSERT INTO "GH_Product__c" VALUES('GH_Product__c-129','HydraSun Lotion 100 ml','100 ml','GH_Product_Line__c-63');
INSERT INTO "GH_Product__c" VALUES('GH_Product__c-130','HydraSun Lotion 200 ml','200 ml','GH_Product_Line__c-63');
INSERT INTO "GH_Product__c" VALUES('GH_Product__c-131','SmoothShave Cream 100 ml','100 ml','GH_Product_Line__c-64');
INSERT INTO "GH_Product__c" VALUES('GH_Product__c-132','SmoothShave Cream 150 ml','150 ml','GH_Product_Line__c-64');
INSERT INTO "GH_Product__c" VALUES('GH_Product__c-133','FreshPost Aftershave 50 ml','50 ml','GH_Product_Line__c-65');
INSERT INTO "GH_Product__c" VALUES('GH_Product__c-134','FreshPost Aftershave 100 ml','100 ml','GH_Product_Line__c-65');
INSERT INTO "GH_Product__c" VALUES('GH_Product__c-135','GlideShave Oil 30 ml','30 ml','GH_Product_Line__c-66');
INSERT INTO "GH_Product__c" VALUES('GH_Product__c-136','GlideShave Oil 50 ml','50 ml','GH_Product_Line__c-66');
INSERT INTO "GH_Product__c" VALUES('GH_Product__c-137','BeardNature Oil 30 ml','30 ml','GH_Product_Line__c-67');
INSERT INTO "GH_Product__c" VALUES('GH_Product__c-138','BeardNature Oil 50 ml','50 ml','GH_Product_Line__c-67');
INSERT INTO "GH_Product__c" VALUES('GH_Product__c-139','SoftBeard Balm 50 g','50 g','GH_Product_Line__c-68');
INSERT INTO "GH_Product__c" VALUES('GH_Product__c-140','SoftBeard Balm 100 g','100 g','GH_Product_Line__c-68');
INSERT INTO "GH_Product__c" VALUES('GH_Product__c-141','BeardClean Shampoo 100 ml','100 ml','GH_Product_Line__c-69');
INSERT INTO "GH_Product__c" VALUES('GH_Product__c-142','BeardClean Shampoo 200 ml','200 ml','GH_Product_Line__c-69');
INSERT INTO "GH_Product__c" VALUES('GH_Product__c-143','HoldTight Pomade 50 g','50 g','GH_Product_Line__c-70');
INSERT INTO "GH_Product__c" VALUES('GH_Product__c-144','HoldTight Pomade 100 g','100 g','GH_Product_Line__c-70');
INSERT INTO "GH_Product__c" VALUES('GH_Product__c-145','FlexStyle Gel 100 ml','100 ml','GH_Product_Line__c-71');
INSERT INTO "GH_Product__c" VALUES('GH_Product__c-146','FlexStyle Gel 200 ml','200 ml','GH_Product_Line__c-71');
COMMIT;
